"san","diego","city","council","passes","plan","sustainable","development","areas","","","","","","","","","","","","","","","","","",""
"west","opposes","rest","world","","votes","fairer","economic","system","equality","sustainable","development","multipolarista","","","","","","","","","","","","","",""
"study","sustainable","development","classmate","kids","","","","","","","","","","","","","","","","","","","","","",""
"dont","people","build","like","anymore","walkable","beautiful","sustainable","development","made","stone","natural","materials","one","public","tranport","link","everything","within","","lots","vertical","space","provides","view","fitness",""
"cut","tree","name","development","countries","moving","towards","sustainable","development","see","forests","razed","build","highways","","","","","","","","","","","","",""
"want","people","build","modern","towns","like","walkable","beautiful","sustainable","development","made","stone","natural","materials","one","public","tranport","link","everything","within","","lots","vertical","space","provides","view","fitness"
"greta","thunberg","joins","young","people","landmark","climate","lawsuit","sweden","swedish","state","fails","meet","constitutional","requirement","promote","sustainable","development","leading","good","environment","present","future","generations","said","plaintiffs",""
"mayan","calendar","","sustainable","development","goals","","","","","","","","","","","","","","","","","","","","",""
"west","opposes","rest","world","","votes","fairer","economic","system","equality","sustainable","development","","","","","","","","","","","","","","",""
"san","diego","city","council","passes","plan","sustainable","development","areas","","","","","","","","","","","","","","","","","",""
"climate","always","always","change","climate","crisis","manheimer","journal","sustainable","development","","","","","","","","","","","","","","","","",""
"west","opposes","rest","world","","votes","fairer","economic","system","equality","sustainable","development","multipolarista","","","","","","","","","","","","","",""
"uaes","national","biodiversity","strategy","comprehensive","plan","halt","biodiversity","loss","includes","strategic","guidelines","national","targets","aligned","uae","vision","sustainable","development","goals","","","","","","",""
"company","","applying","wants","letter","explaining","sustainable","development","important","suggest","format","","","","","","","","","","","","","","","",""
"","chief","urges","worlds","rich","finance","agenda","sustainable","development","sdgs","billion","","","","","","","","","","","","","","","",""
"one","environment","planning","sustainable","development","let","one","","","","","","","","","","","","","","","","","","","",""
"thermodynamic","assessment","hydrothermal","combustion","assisted","fossil","fuel","insitu","gasification","context","sustainable","development","","","","","","","","","","","","","","",""
"sultan","","jaber","leading","uaes","efforts","prepare","cop","uae","already","made","significant","progress","promoting","renewable","energy","sustainable","development","conference","provide","platform","country","share","experiences","learn","others",""
"west","opposes","rest","world","","votes","fairer","economic","system","equality","sustainable","development","","","","","","","","","","","","","","",""
"sustainable","tales","logo","brief","need","create","logo","represents","amp","adventurejourney","sustainability","key","words","sustainable","actions","ecoadventures","social","environmental","challenges","conscious","nomad","sustainable","development","goals","etc","",""
"appointment","sultan","","jaber","uae","president","clear","sign","countrys","commitment","climate","action","sustainable","development","","","","","","","","","","","","",""
"","project","winwin","community","environment","encouraging","see","companies","taking","proactive","approach","sustainable","development","","","","","","","","","","","","","",""
"sustainable","development","officer","","","","","","","","","","","","","","","","","","","","","","","",""
"cut","tree","name","development","countries","moving","towards","sustainable","development","see","forests","razed","build","highways","","","","","","","","","","","","",""
"islamic","coin","designed","deliver","sustainable","development","global","muslim","community","help","evergreendao","","","","","","","","","","","","","","","",""
"major","","report","warned","global","economy","focused","shortterm","profit","wrecking","planet","called","drastically","different","approach","value","nature","without","shift","universally","accepted","goals","sustainable","development","greater","equity","remain"
"outofreach","","","","","","","","","","","","","","","","","","","","","","","","","",""
"need","sustainable","development","planning","implementation","uttarakhand","need","now","","","","","","","","","","","","","","","","","","",""
"vietnam","netherlands","eye","cooperation","sustainable","development","business","","","","","","","","","","","","","","","","","","","",""
"clear","sultan","","jaber","ally","fight","climate","change","leadership","dedication","promoting","clean","energy","sustainable","development","important","steps","towards","sustainable","future","","","","","","",""
"reducing","carbon","footprint","power","generation","crescent","petroleum","agreements","potential","promote","sustainable","development","iraq","","","","","","","","","","","","","",""
"hard","truth","united","nations","sustainable","development","goals","sdg","","","","","","","","","","","","","","","","","","",""
"","jaber","groups","climate","actions","demonstrate","commitment","promoting","sustainable","development","reducing","impact","environment","","","","","","","","","","","","","",""
"god","steps","sustainable","development","goals","","","","","","","","","","","","","","","","","","","","","",""
"west","opposes","rest","world","","votes","fairer","economic","system","equality","sustainable","development","","","","","","","","","","","","","","",""
"sensed","ngo","society","environment","amp","sustainable","development","women","empowerment","amp","child","development","","","","","","","","","","","","","","",""
"environmentalist","important","promote","green","sustainable","development","asia","","","","","","","","","","","","","","","","","","","",""
"sustainable","development","summit","","modi","says","environment","conservation","commitment","amp","compulsion","india","","","","","","","","","","","","","","",""
"hard","truth","united","nations","sustainable","development","goals","sdg","climate","action","","","","","","","","","","","","","","","","",""
"vietnam","netherlands","eye","cooperation","sustainable","development","business","","","","","","","","","","","","","","","","","","","",""
"midea","group","awarded","forbes","china","top","sustainable","development","industrial","enterprises","","","","","","","","","","","","","","","","",""
"sustainable","development","","hcf","","","","","","","","","","","","","","","","","","","","","","",""
"open","science","accelerator","sustainable","development","goals","","","","","","","","","","","","","","","","","","","","",""
"inspiring","see","uae","prioritizing","sustainability","national","framework","sustainable","development","comprehensive","thoughtful","approach","preserving","countrys","ecosystems","promoting","economic","prosperity","","","","","","","","",""
"brunei","ranks","sixth","sustainable","development","among","asean","countries","","","","","","","","","","","","","","","","","","",""
"vote","sustainable","development","goals","like","buy","stake","earn","growing","sdg","","","","","","","","","","","","","","","","",""
"young","policy","experts","author","special","issue","open","science","policies","accelerator","achieving","sustainable","development","goals","unesco","","","","","","","","","","","",""
"organic","fertilizer","equipment","helps","sustainable","development","green","production","agriculture","","","","","","","","","","","","","","","","","",""
"bioorganic","fertilizer","conforms","sustainable","development","chinas","agriculture","","","","","","","","","","","","","","","","","","","",""
"participate","mcmasters","sustainable","development","goals","sdgs","pitch","competition","march","team","win","one","three","cash","prizes","visit","httpsaspmcmastercaexperientiallearningsdgweek","learn","","","","","","","","",""
"goals","sustainable","development","agenda","sustainable","development","adopted","united","nations","member","states","provides","shared","blueprint","peace","prosperity","people","planet","now","future","","","","","","",""
"sustainable","development","acquisition","corp","shareholders","approve","extension","february","august","sdac","sdacw","","","","","","","","","","","","","","","",""
"conducted","research","understand","companies","even","considerig","sustainable","development","found","four","remarkable","factors","","","","","","","","","","","","","","",""
"preserving","uaes","ecosystems","just","important","country","entire","world","adopting","national","framework","sustainable","development","uae","setting","example","nations","follow","","","","","","","","",""
"live","blount","county","give","flying","fuck","affordable","housing","sustainable","development","need","reach","commission","trying","pass","law","basically","outlaw","dense","housing","near","town","center","forcing","land","get","eaten"
"country","qatar","made","significant","strides","field","food","security","contributes","strongly","international","efforts","promote","sustainable","development","secure","food","least","developed","countries","order","alleviate","difficult","conditions","","",""
"everything","need","know","","sustainable","development","goal","ending","poverty","","","","","","","","","","","","","","","","","",""
"comprehensive","guide","biochar","understanding","utilizing","science","production","applications","biochar","sustainable","development","question","answer","","","","","","","","","","","","","",""
"can","someone","kindly","review","personal","statement","","public","affairssustainable","development","","","","","","","","","","","","","","","","",""
"intern","undergraduate","program","sustainable","development","spring","","","","","","","","","","","","","","","","","","","","",""
"now","implementation","date","cbdc","across","amp","agenda","financial","institutions","required","least","one","payment","corridor","amp","","sustainable","development","goal","set","","sdg","endorsed","","","",""
"phivolcsdost","dostphivolcs","joins","celebration","international","day","women","girls","science","idwgs","aims","promote","equality","science","technology","innovation","socioeconomic","sustainable","development","","","","","","","",""
"business","case","middle","arm","sustainable","development","precinct","triggers","climate","concerns","critics","","","","","","","","","","","","","","","",""
"green","growth","sustainable","development","dynamic","linkage","technological","innovation","iso","environmental","challenges","","","","","","","","","","","","","","","",""
"last","mile","connectivity","addressing","affordability","frontier","adb","sustainable","development","working","paper","series","","","","","","","","","","","","","","",""
"top","priorities","sustainable","development","next","decade","","","","","","","","","","","","","","","","","","","","",""
"new","book","reimagines","sustainable","development","education","audiences","","","","","","","","","","","","","","","","","","","",""
"sustainable","development","goals","sdg","token","listed","tokpie","aims","provide","quck","trading","altcoins","","","","","","","","","","","","","","",""
"india","budget","accelerating","green","transition","national","green","hydrogen","mission","mission","potential","make","significant","contribution","indias","energy","security","sustainable","development","","","","","","","",""
"aahi","sustainable","development","goal","progress","","","","","","","","","","","","","","","","","","","","","",""
"taking","action","online","sustainable","development","","","","","","","","","","","","","","","","","","","","","",""
"new","path","sustainable","development","traditional","agricultural","areas","perspective","open","innovationa","coupling","coordination","study","agricultural","industry","tourism","industry","","","","","","","","","",""
"journal","sustainable","development","climate","always","always","change","climate","crisis","","","","","","","","","","","","","","","","","",""
"everything","need","know","","sustainable","development","goal","ending","poverty","","","","","","","","","","","","","","","","","",""
"frisian","flag","colours","","sustainable","development","goals","honour","province","signing","sdgs","","","","","","","","","","","","","","","",""
"next","ralph","nadar","show","sustainable","development","goals","fiction","reality","","","","","","","","","","","","","","","","","",""
"supporting","sustainable","development","space","exploration","","","","","","","","","","","","","","","","","","","","","",""
"tej","kohli","acts","uns","sustainable","development","goals","","","","","","","","","","","","","","","","","","","",""
"uns","sustainable","development","policies","sdgs","promote","sustainability","conceive","instead","utilise","debt","imperialism","long","used","angloamerican","empire","entrap","nations","new","equally","predatory","system","global","financial","governance","",""
"joint","international","masters","programme","sustainable","development","university","graz","","","","","","","","","","","","","","","","","","",""
"rosa","koire","explains","agenda","sustainable","development","","","","","","","","","","","","","","","","","","","","",""
"uns","sustainable","development","policies","sdgs","promote","sustainability","conceive","instead","utilise","debt","imperialism","long","used","angloamerican","empire","entrap","nations","new","equally","predatory","system","global","financial","governance","",""
"pradip","burman","initiatives","towards","sustainable","development","","","","","","","","","","","","","","","","","","","","",""
"environment","minister","meets","german","parliamentary","delegation","discusses","sustainable","development","","","","","","","","","","","","","","","","","",""
"","agency","unified","biometric","system","help","russia","achieve","sustainable","development","goals","russia","actually","controlled","opposition","","","","","","","","","","","",""
"uns","sustainable","development","policies","sdgs","promote","sustainability","conceive","instead","utilise","debt","imperialism","long","used","angloamerican","empire","entrap","nations","new","equally","predatory","system","global","financial","governance","",""
"interested","sustainable","development","","","","","","","","","","","","","","","","","","","","","","","",""
"cfp","sustainable","development","conference","las","vegas","","","","","","","","","","","","","","","","","","","","",""
"","jubeir","meets","colombian","minister","environment","sustainable","development","","","","","","","","","","","","","","","","","","",""
"dws","unveils","etfs","targeting","","sustainable","development","goals","","","","","","","","","","","","","","","","","","",""
"west","opposes","rest","world","","votes","fairer","economic","system","equality","sustainable","development","","","","","","","","","","","","","","",""
"sustainable","development","goals","can","transform","midsized","cities","","","","","","","","","","","","","","","","","","","",""
"germany","announces","billion","funding","energy","transition","projects","india","funding","development","projects","next","year","grants","credit","part","billion","german","pledge","green","sustainable","development","india","","","",""
"hard","truth","united","nations","sustainable","development","goals","sdg","zero","hunger","","","","","","","","","","","","","","","","",""
"outstanding","projects","education","sustainable","development","recognized","unescojapan","reward","","prize","","","","","","","","","","","","","","","","",""
"wef","sustainable","development","impact","meetings","september","wef","claims","science","direct","impact","google","search","results","","","","","","","","","","","","",""
"saudi","agenda","presents","sustainable","development","projects","initiatives","support","education","yemen","","","","","","","","","","","","","","","","",""
"following","request","ministry","land","environment","provincial","government","unhabitat","recently","embarked","project","aimed","promoting","equitable","sustainable","development","inhambane","","","","","","","","","",""
"south","africa","technology","sustainable","development","hamlet","rural","south","africa","shows","one","can","power","","","","","","","","","","","","","",""
"event","excuse","agenda","agenda","","department","economic","social","affairs","division","sustainable","development","developed","means","restructuring","world","population","lessen","environmental","impact","event","exercise","hosted","johns","hopkins","center",""
"lodha","building","better","life","ensuring","sustainable","development","lodha","cases","","","","","","","","","","","","","","","","","",""
